timestamp,level,message
2026-01-12 10:52:27,ERROR,NullPointerException in auth module (Code: 500)
2026-01-12 10:44:08,CRITICAL,Server crash imminent! Shutting down.
2026-01-12 09:06:19,INFO,Data sync completed
2026-01-12 10:49:15,INFO,Data sync completed
2026-01-12 08:40:15,ERROR,NullPointerException in auth module (Code: 500)
2026-01-12 09:44:04,ERROR,NullPointerException in auth module (Code: 500)
2026-01-12 08:49:08,INFO,User logged in successfully
2026-01-12 10:09:30,WARNING,High memory usage detected (85%)
2026-01-12 09:08:48,ERROR,Database connection timeout (Code: 504)
2026-01-12 08:49:49,INFO,Data sync completed
2026-01-12 10:57:21,INFO,Data sync completed
2026-01-12 10:24:58,ERROR,NullPointerException in auth module (Code: 500)
2026-01-12 08:41:52,WARNING,High memory usage detected (85%)
2026-01-12 08:42:53,WARNING,High memory usage detected (85%)
2026-01-12 09:40:24,INFO,Data sync completed
2026-01-12 08:31:59,INFO,Data sync completed
2026-01-12 10:22:42,ERROR,NullPointerException in auth module (Code: 500)
2026-01-12 09:04:42,ERROR,NullPointerException in auth module (Code: 500)
2026-01-12 09:19:55,CRITICAL,Server crash imminent! Shutting down.
2026-01-12 09:13:19,ERROR,Database connection timeout (Code: 504)
2026-01-12 10:40:35,INFO,User logged in successfully
2026-01-12 08:51:48,WARNING,High memory usage detected (85%)
2026-01-12 11:11:45,INFO,Data sync completed
2026-01-12 09:34:51,ERROR,NullPointerException in auth module (Code: 500)
2026-01-12 09:01:58,CRITICAL,Server crash imminent! Shutting down.
2026-01-12 10:00:17,WARNING,High memory usage detected (85%)
2026-01-12 10:27:28,ERROR,NullPointerException in auth module (Code: 500)
2026-01-12 09:33:12,ERROR,Database connection timeout (Code: 504)
2026-01-12 10:49:32,ERROR,Database connection timeout (Code: 504)
2026-01-12 10:20:08,INFO,Data sync completed
2026-01-12 09:50:40,INFO,User logged in successfully
2026-01-12 10:12:03,ERROR,NullPointerException in auth module (Code: 500)
2026-01-12 09:08:38,CRITICAL,Server crash imminent! Shutting down.
2026-01-12 09:16:53,CRITICAL,Server crash imminent! Shutting down.
2026-01-12 10:28:22,INFO,User logged in successfully
2026-01-12 09:00:45,WARNING,High memory usage detected (85%)
2026-01-12 11:02:12,ERROR,Database connection timeout (Code: 504)
2026-01-12 10:15:24,WARNING,High memory usage detected (85%)
2026-01-12 11:06:05,INFO,User logged in successfully
2026-01-12 08:28:01,ERROR,Database connection timeout (Code: 504)
2026-01-12 10:15:59,ERROR,Database connection timeout (Code: 504)
2026-01-12 08:52:14,INFO,User logged in successfully
2026-01-12 08:37:46,INFO,Data sync completed
2026-01-12 10:06:09,CRITICAL,Server crash imminent! Shutting down.
2026-01-12 09:11:22,ERROR,Database connection timeout (Code: 504)
2026-01-12 10:18:59,WARNING,High memory usage detected (85%)
2026-01-12 08:59:19,WARNING,High memory usage detected (85%)
2026-01-12 08:39:05,ERROR,Database connection timeout (Code: 504)
2026-01-12 11:06:29,INFO,Data sync completed
2026-01-12 08:42:31,WARNING,High memory usage detected (85%)
2026-01-12 08:36:23,ERROR,NullPointerException in auth module (Code: 500)
2026-01-12 10:51:06,INFO,User logged in successfully
2026-01-12 10:33:28,WARNING,High memory usage detected (85%)
2026-01-12 10:18:46,INFO,User logged in successfully
2026-01-12 08:36:57,INFO,User logged in successfully
2026-01-12 09:24:22,ERROR,Database connection timeout (Code: 504)
2026-01-12 10:01:57,ERROR,Database connection timeout (Code: 504)
2026-01-12 10:40:14,ERROR,NullPointerException in auth module (Code: 500)
2026-01-12 10:04:25,ERROR,NullPointerException in auth module (Code: 500)
2026-01-12 11:09:48,ERROR,NullPointerException in auth module (Code: 500)
2026-01-12 09:28:49,WARNING,High memory usage detected (85%)
2026-01-12 11:09:17,INFO,Data sync completed
2026-01-12 09:50:43,CRITICAL,Server crash imminent! Shutting down.
2026-01-12 09:34:27,INFO,User logged in successfully
2026-01-12 08:48:42,INFO,Data sync completed
2026-01-12 10:30:29,INFO,User logged in successfully
2026-01-12 09:26:00,INFO,Data sync completed
2026-01-12 11:13:49,INFO,Data sync completed
2026-01-12 09:12:35,ERROR,NullPointerException in auth module (Code: 500)
2026-01-12 09:57:12,ERROR,Database connection timeout (Code: 504)
2026-01-12 11:03:11,INFO,User logged in successfully
2026-01-12 08:45:19,INFO,Data sync completed
2026-01-12 08:44:58,WARNING,High memory usage detected (85%)
2026-01-12 09:55:30,ERROR,NullPointerException in auth module (Code: 500)
2026-01-12 09:34:45,ERROR,NullPointerException in auth module (Code: 500)
2026-01-12 10:17:38,WARNING,High memory usage detected (85%)
2026-01-12 09:59:11,WARNING,High memory usage detected (85%)
2026-01-12 08:48:34,ERROR,NullPointerException in auth module (Code: 500)
2026-01-12 11:10:18,INFO,Data sync completed
2026-01-12 08:58:03,INFO,User logged in successfully
2026-01-12 09:33:42,INFO,Data sync completed
2026-01-12 09:28:22,CRITICAL,Server crash imminent! Shutting down.
2026-01-12 09:06:24,CRITICAL,Server crash imminent! Shutting down.
2026-01-12 10:04:04,INFO,User logged in successfully
2026-01-12 10:47:50,WARNING,High memory usage detected (85%)
2026-01-12 11:00:12,ERROR,Database connection timeout (Code: 504)
2026-01-12 09:18:18,INFO,Data sync completed
2026-01-12 10:17:30,INFO,Data sync completed
2026-01-12 10:23:19,INFO,User logged in successfully
2026-01-12 09:52:19,INFO,User logged in successfully
2026-01-12 09:12:43,INFO,Data sync completed
2026-01-12 08:58:01,INFO,User logged in successfully
2026-01-12 10:52:18,INFO,User logged in successfully
2026-01-12 10:53:33,ERROR,Database connection timeout (Code: 504)
2026-01-12 09:32:26,WARNING,High memory usage detected (85%)
2026-01-12 11:10:09,ERROR,NullPointerException in auth module (Code: 500)
2026-01-12 09:26:30,WARNING,High memory usage detected (85%)
2026-01-12 10:37:44,ERROR,Database connection timeout (Code: 504)
2026-01-12 10:18:06,INFO,User logged in successfully
2026-01-12 11:01:22,CRITICAL,Server crash imminent! Shutting down.
2026-01-12 11:14:31,INFO,User logged in successfully
2026-01-12 09:09:36,INFO,Data sync completed
2026-01-12 10:21:46,ERROR,NullPointerException in auth module (Code: 500)
2026-01-12 10:47:05,INFO,Data sync completed
2026-01-12 09:06:03,CRITICAL,Server crash imminent! Shutting down.
2026-01-12 08:37:29,INFO,Data sync completed
2026-01-12 09:32:15,WARNING,High memory usage detected (85%)
2026-01-12 08:48:30,CRITICAL,Server crash imminent! Shutting down.
2026-01-12 10:52:11,INFO,Data sync completed
2026-01-12 10:55:59,ERROR,NullPointerException in auth module (Code: 500)
2026-01-12 09:43:43,INFO,Data sync completed
2026-01-12 09:17:22,CRITICAL,Server crash imminent! Shutting down.
2026-01-12 08:53:48,CRITICAL,Server crash imminent! Shutting down.
2026-01-12 08:49:11,WARNING,High memory usage detected (85%)
2026-01-12 10:15:15,WARNING,High memory usage detected (85%)
2026-01-12 08:51:11,ERROR,NullPointerException in auth module (Code: 500)
2026-01-12 09:04:31,ERROR,NullPointerException in auth module (Code: 500)
2026-01-12 09:30:07,WARNING,High memory usage detected (85%)
2026-01-12 11:01:46,INFO,User logged in successfully
2026-01-12 10:15:54,INFO,User logged in successfully
2026-01-12 09:07:46,ERROR,NullPointerException in auth module (Code: 500)
2026-01-12 10:43:07,WARNING,High memory usage detected (85%)
2026-01-12 09:33:47,WARNING,High memory usage detected (85%)
2026-01-12 10:50:08,ERROR,Database connection timeout (Code: 504)
2026-01-12 11:14:03,ERROR,NullPointerException in auth module (Code: 500)
2026-01-12 09:06:48,ERROR,Database connection timeout (Code: 504)
2026-01-12 08:39:45,ERROR,Database connection timeout (Code: 504)
2026-01-12 09:43:21,INFO,User logged in successfully
2026-01-12 11:13:00,ERROR,NullPointerException in auth module (Code: 500)
2026-01-12 10:10:58,ERROR,NullPointerException in auth module (Code: 500)
2026-01-12 08:35:35,INFO,User logged in successfully
2026-01-12 09:28:24,ERROR,NullPointerException in auth module (Code: 500)
2026-01-12 09:03:11,ERROR,Database connection timeout (Code: 504)
2026-01-12 10:20:50,CRITICAL,Server crash imminent! Shutting down.
2026-01-12 11:13:22,INFO,Data sync completed
2026-01-12 09:58:15,ERROR,Database connection timeout (Code: 504)
2026-01-12 09:34:42,CRITICAL,Server crash imminent! Shutting down.
2026-01-12 08:35:15,INFO,User logged in successfully
2026-01-12 08:52:44,WARNING,High memory usage detected (85%)
2026-01-12 09:56:16,ERROR,NullPointerException in auth module (Code: 500)
2026-01-12 08:34:27,ERROR,NullPointerException in auth module (Code: 500)
2026-01-12 10:22:13,ERROR,Database connection timeout (Code: 504)
2026-01-12 09:25:49,ERROR,Database connection timeout (Code: 504)
2026-01-12 09:47:58,WARNING,High memory usage detected (85%)
2026-01-12 09:19:50,WARNING,High memory usage detected (85%)
2026-01-12 08:55:39,INFO,Data sync completed
2026-01-12 09:35:10,ERROR,Database connection timeout (Code: 504)
2026-01-12 10:11:20,ERROR,Database connection timeout (Code: 504)
2026-01-12 09:21:27,WARNING,High memory usage detected (85%)
2026-01-12 08:44:23,ERROR,NullPointerException in auth module (Code: 500)
2026-01-12 10:38:09,WARNING,High memory usage detected (85%)
2026-01-12 08:48:44,ERROR,Database connection timeout (Code: 504)
2026-01-12 09:56:54,ERROR,NullPointerException in auth module (Code: 500)
2026-01-12 08:42:51,WARNING,High memory usage detected (85%)
2026-01-12 10:13:19,INFO,User logged in successfully
2026-01-12 09:04:03,INFO,Data sync completed
2026-01-12 09:04:08,WARNING,High memory usage detected (85%)
2026-01-12 09:45:32,ERROR,Database connection timeout (Code: 504)
2026-01-12 10:03:07,WARNING,High memory usage detected (85%)
2026-01-12 11:02:40,ERROR,NullPointerException in auth module (Code: 500)
2026-01-12 10:19:40,ERROR,NullPointerException in auth module (Code: 500)
2026-01-12 09:01:29,CRITICAL,Server crash imminent! Shutting down.
2026-01-12 10:46:16,INFO,User logged in successfully
2026-01-12 09:55:12,ERROR,NullPointerException in auth module (Code: 500)
2026-01-12 09:02:25,WARNING,High memory usage detected (85%)
2026-01-12 09:43:23,ERROR,Database connection timeout (Code: 504)
2026-01-12 10:32:19,CRITICAL,Server crash imminent! Shutting down.
2026-01-12 08:57:36,INFO,User logged in successfully
2026-01-12 10:21:26,ERROR,Database connection timeout (Code: 504)
2026-01-12 09:59:38,ERROR,NullPointerException in auth module (Code: 500)
2026-01-12 09:44:56,INFO,Data sync completed
2026-01-12 09:40:37,INFO,Data sync completed
2026-01-12 10:06:58,ERROR,Database connection timeout (Code: 504)
2026-01-12 10:28:05,INFO,Data sync completed
2026-01-12 10:19:14,ERROR,NullPointerException in auth module (Code: 500)
2026-01-12 10:54:08,CRITICAL,Server crash imminent! Shutting down.
2026-01-12 10:18:46,INFO,Data sync completed
2026-01-12 09:15:08,CRITICAL,Server crash imminent! Shutting down.
2026-01-12 09:26:54,INFO,User logged in successfully
2026-01-12 10:49:52,INFO,User logged in successfully
2026-01-12 09:19:50,INFO,Data sync completed
2026-01-12 10:12:03,WARNING,High memory usage detected (85%)
2026-01-12 08:29:08,ERROR,NullPointerException in auth module (Code: 500)
2026-01-12 09:41:30,CRITICAL,Server crash imminent! Shutting down.
2026-01-12 10:55:44,CRITICAL,Server crash imminent! Shutting down.
2026-01-12 08:57:44,ERROR,NullPointerException in auth module (Code: 500)
2026-01-12 09:46:20,ERROR,Database connection timeout (Code: 504)
2026-01-12 08:41:42,ERROR,Database connection timeout (Code: 504)
2026-01-12 10:08:25,INFO,User logged in successfully
2026-01-12 10:10:30,ERROR,NullPointerException in auth module (Code: 500)
2026-01-12 08:48:59,CRITICAL,Server crash imminent! Shutting down.
2026-01-12 10:14:51,INFO,User logged in successfully
2026-01-12 08:30:39,ERROR,NullPointerException in auth module (Code: 500)
2026-01-12 09:28:30,CRITICAL,Server crash imminent! Shutting down.
2026-01-12 10:46:57,ERROR,NullPointerException in auth module (Code: 500)
2026-01-12 08:52:49,ERROR,Database connection timeout (Code: 504)
2026-01-12 08:59:13,WARNING,High memory usage detected (85%)
2026-01-12 09:03:42,WARNING,High memory usage detected (85%)
2026-01-12 08:45:51,INFO,Data sync completed
2026-01-12 08:54:38,INFO,User logged in successfully
2026-01-12 10:38:19,CRITICAL,Server crash imminent! Shutting down.
2026-01-12 09:04:11,WARNING,High memory usage detected (85%)
2026-01-12 08:49:44,INFO,User logged in successfully
2026-01-12 10:42:58,INFO,Data sync completed
2026-01-12 09:37:10,CRITICAL,Server crash imminent! Shutting down.
2026-01-12 11:10:38,WARNING,High memory usage detected (85%)
2026-01-12 10:51:09,INFO,User logged in successfully
2026-01-12 10:37:01,INFO,User logged in successfully
2026-01-12 09:11:31,ERROR,Database connection timeout (Code: 504)
2026-01-12 09:21:06,INFO,Data sync completed
2026-01-12 08:29:54,ERROR,Database connection timeout (Code: 504)
2026-01-12 08:32:34,INFO,User logged in successfully
2026-01-12 11:10:37,INFO,Data sync completed
2026-01-12 10:15:06,ERROR,Database connection timeout (Code: 504)
2026-01-12 10:01:37,INFO,User logged in successfully
2026-01-12 10:28:56,CRITICAL,Server crash imminent! Shutting down.
2026-01-12 10:31:15,ERROR,NullPointerException in auth module (Code: 500)
2026-01-12 09:53:40,CRITICAL,Server crash imminent! Shutting down.
2026-01-12 09:30:28,ERROR,NullPointerException in auth module (Code: 500)
2026-01-12 10:22:03,ERROR,NullPointerException in auth module (Code: 500)
2026-01-12 11:01:19,CRITICAL,Server crash imminent! Shutting down.
2026-01-12 10:37:51,ERROR,Database connection timeout (Code: 504)
2026-01-12 10:11:38,ERROR,NullPointerException in auth module (Code: 500)
2026-01-12 10:36:19,ERROR,NullPointerException in auth module (Code: 500)
2026-01-12 11:10:53,ERROR,Database connection timeout (Code: 504)
2026-01-12 09:50:16,WARNING,High memory usage detected (85%)
2026-01-12 11:08:08,ERROR,Database connection timeout (Code: 504)
2026-01-12 08:55:42,INFO,User logged in successfully
2026-01-12 10:36:21,INFO,User logged in successfully
2026-01-12 10:59:31,CRITICAL,Server crash imminent! Shutting down.
2026-01-12 10:59:44,WARNING,High memory usage detected (85%)
2026-01-12 08:46:59,INFO,User logged in successfully
2026-01-12 09:24:23,ERROR,Database connection timeout (Code: 504)
2026-01-12 11:13:14,WARNING,High memory usage detected (85%)
2026-01-12 10:52:25,WARNING,High memory usage detected (85%)
2026-01-12 10:26:29,INFO,Data sync completed
2026-01-12 09:53:21,INFO,User logged in successfully
2026-01-12 09:06:22,CRITICAL,Server crash imminent! Shutting down.
2026-01-12 10:00:52,ERROR,NullPointerException in auth module (Code: 500)
2026-01-12 09:36:28,WARNING,High memory usage detected (85%)
2026-01-12 09:23:46,INFO,User logged in successfully
2026-01-12 09:24:31,ERROR,NullPointerException in auth module (Code: 500)
2026-01-12 11:13:14,WARNING,High memory usage detected (85%)
2026-01-12 08:52:58,ERROR,Database connection timeout (Code: 504)
2026-01-12 10:32:16,ERROR,Database connection timeout (Code: 504)
2026-01-12 10:58:42,ERROR,Database connection timeout (Code: 504)
2026-01-12 11:03:13,INFO,Data sync completed
2026-01-12 09:46:14,ERROR,Database connection timeout (Code: 504)
2026-01-12 10:06:27,INFO,Data sync completed
2026-01-12 10:23:43,WARNING,High memory usage detected (85%)
2026-01-12 09:37:06,CRITICAL,Server crash imminent! Shutting down.
2026-01-12 11:00:18,WARNING,High memory usage detected (85%)
2026-01-12 08:39:37,INFO,User logged in successfully
2026-01-12 08:32:32,ERROR,NullPointerException in auth module (Code: 500)
2026-01-12 09:51:55,ERROR,Database connection timeout (Code: 504)
2026-01-12 10:26:06,ERROR,Database connection timeout (Code: 504)
2026-01-12 09:47:53,INFO,User logged in successfully
2026-01-12 10:16:19,WARNING,High memory usage detected (85%)
2026-01-12 10:43:20,INFO,Data sync completed
2026-01-12 09:14:01,ERROR,NullPointerException in auth module (Code: 500)
2026-01-12 11:08:32,CRITICAL,Server crash imminent! Shutting down.
2026-01-12 08:31:53,INFO,Data sync completed
2026-01-12 08:35:46,ERROR,Database connection timeout (Code: 504)
2026-01-12 09:00:10,ERROR,Database connection timeout (Code: 504)
2026-01-12 10:18:05,INFO,Data sync completed
2026-01-12 09:40:20,INFO,User logged in successfully
2026-01-12 09:10:08,INFO,User logged in successfully
2026-01-12 09:04:53,ERROR,Database connection timeout (Code: 504)
2026-01-12 10:50:22,WARNING,High memory usage detected (85%)
2026-01-12 09:27:56,ERROR,Database connection timeout (Code: 504)
2026-01-12 08:32:07,INFO,Data sync completed
2026-01-12 09:08:44,CRITICAL,Server crash imminent! Shutting down.
2026-01-12 08:59:45,WARNING,High memory usage detected (85%)
2026-01-12 09:28:11,WARNING,High memory usage detected (85%)
2026-01-12 11:05:12,CRITICAL,Server crash imminent! Shutting down.
2026-01-12 09:38:57,ERROR,Database connection timeout (Code: 504)
2026-01-12 09:16:06,ERROR,NullPointerException in auth module (Code: 500)
2026-01-12 11:01:10,INFO,User logged in successfully
2026-01-12 09:10:04,INFO,Data sync completed
2026-01-12 08:30:17,ERROR,NullPointerException in auth module (Code: 500)
2026-01-12 10:53:00,INFO,Data sync completed
2026-01-12 11:02:32,INFO,Data sync completed
2026-01-12 10:57:00,WARNING,High memory usage detected (85%)
2026-01-12 10:18:08,ERROR,Database connection timeout (Code: 504)
2026-01-12 09:05:42,ERROR,NullPointerException in auth module (Code: 500)
2026-01-12 10:01:17,ERROR,Database connection timeout (Code: 504)
2026-01-12 10:44:54,INFO,User logged in successfully
2026-01-12 10:13:26,INFO,Data sync completed
2026-01-12 08:29:06,WARNING,High memory usage detected (85%)
2026-01-12 09:11:16,ERROR,Database connection timeout (Code: 504)
2026-01-12 09:49:06,INFO,User logged in successfully
2026-01-12 08:44:57,CRITICAL,Server crash imminent! Shutting down.
2026-01-12 10:31:03,ERROR,Database connection timeout (Code: 504)
2026-01-12 10:01:52,ERROR,NullPointerException in auth module (Code: 500)
2026-01-12 10:27:26,ERROR,Database connection timeout (Code: 504)
2026-01-12 10:33:34,ERROR,Database connection timeout (Code: 504)
2026-01-12 09:08:20,ERROR,NullPointerException in auth module (Code: 500)
2026-01-12 10:06:48,ERROR,Database connection timeout (Code: 504)
2026-01-12 10:36:47,CRITICAL,Server crash imminent! Shutting down.
2026-01-12 08:59:06,ERROR,NullPointerException in auth module (Code: 500)
2026-01-12 10:26:15,INFO,Data sync completed
2026-01-12 11:04:32,INFO,User logged in successfully
2026-01-12 08:34:14,ERROR,NullPointerException in auth module (Code: 500)
2026-01-12 10:48:31,INFO,User logged in successfully
2026-01-12 10:25:19,INFO,User logged in successfully
2026-01-12 11:08:34,ERROR,NullPointerException in auth module (Code: 500)
2026-01-12 10:46:39,WARNING,High memory usage detected (85%)
2026-01-12 09:45:20,ERROR,Database connection timeout (Code: 504)
2026-01-12 10:40:48,CRITICAL,Server crash imminent! Shutting down.
2026-01-12 10:47:02,ERROR,NullPointerException in auth module (Code: 500)
2026-01-12 09:30:34,INFO,Data sync completed
2026-01-12 09:48:36,INFO,User logged in successfully
2026-01-12 10:08:11,INFO,Data sync completed
2026-01-12 10:19:05,INFO,Data sync completed
2026-01-12 10:05:40,INFO,Data sync completed
2026-01-12 10:12:49,INFO,Data sync completed
2026-01-12 10:09:32,ERROR,Database connection timeout (Code: 504)
2026-01-12 11:08:38,INFO,Data sync completed
2026-01-12 09:00:08,WARNING,High memory usage detected (85%)
2026-01-12 09:32:57,CRITICAL,Server crash imminent! Shutting down.
2026-01-12 09:34:35,ERROR,Database connection timeout (Code: 504)
2026-01-12 09:10:46,ERROR,Database connection timeout (Code: 504)
2026-01-12 08:41:11,INFO,Data sync completed
2026-01-12 08:36:52,CRITICAL,Server crash imminent! Shutting down.
2026-01-12 09:19:20,CRITICAL,Server crash imminent! Shutting down.
2026-01-12 11:09:46,ERROR,Database connection timeout (Code: 504)
2026-01-12 09:47:02,WARNING,High memory usage detected (85%)
2026-01-12 08:35:48,INFO,User logged in successfully
2026-01-12 09:27:53,INFO,Data sync completed
2026-01-12 08:46:54,INFO,Data sync completed
2026-01-12 10:44:01,INFO,User logged in successfully
2026-01-12 09:33:38,INFO,User logged in successfully
2026-01-12 10:11:18,ERROR,Database connection timeout (Code: 504)
2026-01-12 10:43:08,ERROR,Database connection timeout (Code: 504)
2026-01-12 08:48:14,ERROR,NullPointerException in auth module (Code: 500)
2026-01-12 09:15:01,ERROR,Database connection timeout (Code: 504)
2026-01-12 10:11:13,CRITICAL,Server crash imminent! Shutting down.
2026-01-12 08:43:57,CRITICAL,Server crash imminent! Shutting down.
2026-01-12 09:55:15,ERROR,NullPointerException in auth module (Code: 500)
2026-01-12 10:59:49,INFO,Data sync completed
2026-01-12 09:25:59,ERROR,NullPointerException in auth module (Code: 500)
2026-01-12 11:07:36,ERROR,NullPointerException in auth module (Code: 500)
2026-01-12 09:39:48,WARNING,High memory usage detected (85%)
2026-01-12 10:25:34,ERROR,Database connection timeout (Code: 504)
2026-01-12 10:25:22,ERROR,NullPointerException in auth module (Code: 500)
2026-01-12 10:42:13,CRITICAL,Server crash imminent! Shutting down.
2026-01-12 09:13:20,ERROR,NullPointerException in auth module (Code: 500)
2026-01-12 11:00:34,WARNING,High memory usage detected (85%)
2026-01-12 10:37:55,WARNING,High memory usage detected (85%)
2026-01-12 09:49:44,WARNING,High memory usage detected (85%)
2026-01-12 09:22:41,INFO,User logged in successfully
2026-01-12 09:09:51,INFO,User logged in successfully
2026-01-12 09:15:28,WARNING,High memory usage detected (85%)
2026-01-12 11:04:23,ERROR,Database connection timeout (Code: 504)
2026-01-12 10:28:33,INFO,User logged in successfully
2026-01-12 11:03:29,CRITICAL,Server crash imminent! Shutting down.
2026-01-12 09:10:49,ERROR,Database connection timeout (Code: 504)
2026-01-12 08:44:07,ERROR,NullPointerException in auth module (Code: 500)
2026-01-12 10:47:44,INFO,User logged in successfully
2026-01-12 08:56:55,CRITICAL,Server crash imminent! Shutting down.
2026-01-12 09:45:32,WARNING,High memory usage detected (85%)
2026-01-12 10:24:54,CRITICAL,Server crash imminent! Shutting down.
2026-01-12 08:52:54,ERROR,Database connection timeout (Code: 504)
2026-01-12 09:53:23,INFO,User logged in successfully
2026-01-12 10:43:23,INFO,User logged in successfully
2026-01-12 09:12:00,ERROR,Database connection timeout (Code: 504)
2026-01-12 10:22:03,ERROR,NullPointerException in auth module (Code: 500)
2026-01-12 11:09:17,INFO,User logged in successfully
2026-01-12 08:53:50,CRITICAL,Server crash imminent! Shutting down.
2026-01-12 08:49:31,ERROR,NullPointerException in auth module (Code: 500)
2026-01-12 09:02:01,WARNING,High memory usage detected (85%)
2026-01-12 08:44:06,CRITICAL,Server crash imminent! Shutting down.
2026-01-12 09:08:23,WARNING,High memory usage detected (85%)
2026-01-12 11:13:28,ERROR,Database connection timeout (Code: 504)
2026-01-12 11:04:56,INFO,User logged in successfully
2026-01-12 09:07:39,INFO,User logged in successfully
2026-01-12 09:15:15,ERROR,Database connection timeout (Code: 504)
2026-01-12 09:26:35,WARNING,High memory usage detected (85%)
2026-01-12 10:44:41,INFO,Data sync completed
2026-01-12 08:44:48,ERROR,NullPointerException in auth module (Code: 500)
2026-01-12 08:59:45,ERROR,Database connection timeout (Code: 504)
2026-01-12 09:53:14,CRITICAL,Server crash imminent! Shutting down.
2026-01-12 11:12:56,INFO,Data sync completed
2026-01-12 09:59:26,ERROR,NullPointerException in auth module (Code: 500)
2026-01-12 10:29:30,WARNING,High memory usage detected (85%)
2026-01-12 09:24:25,ERROR,NullPointerException in auth module (Code: 500)
2026-01-12 10:12:27,INFO,User logged in successfully
2026-01-12 10:51:58,INFO,Data sync completed
2026-01-12 10:13:47,WARNING,High memory usage detected (85%)
2026-01-12 10:44:56,INFO,Data sync completed
2026-01-12 10:26:17,CRITICAL,Server crash imminent! Shutting down.
2026-01-12 09:31:14,CRITICAL,Server crash imminent! Shutting down.
2026-01-12 08:48:14,CRITICAL,Server crash imminent! Shutting down.
2026-01-12 10:03:52,ERROR,Database connection timeout (Code: 504)
2026-01-12 09:24:52,WARNING,High memory usage detected (85%)
2026-01-12 09:13:19,ERROR,Database connection timeout (Code: 504)
2026-01-12 10:24:51,INFO,Data sync completed
2026-01-12 10:01:02,WARNING,High memory usage detected (85%)
2026-01-12 08:29:03,INFO,Data sync completed
2026-01-12 11:00:58,INFO,Data sync completed
2026-01-12 10:54:09,WARNING,High memory usage detected (85%)
2026-01-12 10:37:28,ERROR,Database connection timeout (Code: 504)
2026-01-12 08:32:56,ERROR,Database connection timeout (Code: 504)
2026-01-12 09:54:15,ERROR,NullPointerException in auth module (Code: 500)
2026-01-12 11:07:57,WARNING,High memory usage detected (85%)
2026-01-12 10:49:54,ERROR,NullPointerException in auth module (Code: 500)
2026-01-12 10:47:38,WARNING,High memory usage detected (85%)
2026-01-12 09:42:10,CRITICAL,Server crash imminent! Shutting down.
2026-01-12 10:30:55,WARNING,High memory usage detected (85%)
2026-01-12 09:23:39,INFO,Data sync completed
2026-01-12 08:28:29,INFO,Data sync completed
2026-01-12 10:57:15,ERROR,NullPointerException in auth module (Code: 500)
2026-01-12 10:31:33,INFO,User logged in successfully
2026-01-12 08:56:15,ERROR,NullPointerException in auth module (Code: 500)
2026-01-12 10:48:06,ERROR,Database connection timeout (Code: 504)
2026-01-12 10:14:00,INFO,Data sync completed
2026-01-12 10:44:38,INFO,Data sync completed
2026-01-12 09:57:20,WARNING,High memory usage detected (85%)
2026-01-12 09:32:45,ERROR,NullPointerException in auth module (Code: 500)
2026-01-12 10:44:09,WARNING,High memory usage detected (85%)
2026-01-12 09:36:59,INFO,Data sync completed
2026-01-12 09:10:09,WARNING,High memory usage detected (85%)
2026-01-12 09:07:34,WARNING,High memory usage detected (85%)
2026-01-12 09:09:11,ERROR,Database connection timeout (Code: 504)
2026-01-12 10:45:58,INFO,Data sync completed
2026-01-12 09:41:11,INFO,User logged in successfully
2026-01-12 10:05:14,ERROR,NullPointerException in auth module (Code: 500)
2026-01-12 09:05:24,ERROR,Database connection timeout (Code: 504)
2026-01-12 11:00:22,INFO,User logged in successfully
2026-01-12 09:00:12,INFO,User logged in successfully
2026-01-12 09:31:57,ERROR,NullPointerException in auth module (Code: 500)
2026-01-12 10:11:48,INFO,User logged in successfully
2026-01-12 09:12:06,INFO,User logged in successfully
2026-01-12 10:45:06,INFO,User logged in successfully
2026-01-12 10:29:38,INFO,Data sync completed
2026-01-12 09:43:45,ERROR,Database connection timeout (Code: 504)
2026-01-12 09:20:30,ERROR,Database connection timeout (Code: 504)
2026-01-12 08:52:28,INFO,User logged in successfully
2026-01-12 08:57:53,ERROR,Database connection timeout (Code: 504)
2026-01-12 10:58:45,INFO,Data sync completed
2026-01-12 10:41:53,INFO,User logged in successfully
2026-01-12 08:49:27,INFO,Data sync completed
2026-01-12 10:03:29,INFO,User logged in successfully
2026-01-12 09:46:29,ERROR,Database connection timeout (Code: 504)
2026-01-12 10:16:19,ERROR,NullPointerException in auth module (Code: 500)
2026-01-12 10:35:49,WARNING,High memory usage detected (85%)
2026-01-12 10:41:17,INFO,Data sync completed
2026-01-12 09:37:56,ERROR,NullPointerException in auth module (Code: 500)
2026-01-12 09:52:25,CRITICAL,Server crash imminent! Shutting down.
2026-01-12 09:59:55,INFO,Data sync completed
2026-01-12 09:40:18,WARNING,High memory usage detected (85%)
2026-01-12 10:47:47,WARNING,High memory usage detected (85%)
2026-01-12 10:44:23,WARNING,High memory usage detected (85%)
2026-01-12 10:41:47,INFO,User logged in successfully
2026-01-12 09:51:36,ERROR,NullPointerException in auth module (Code: 500)
2026-01-12 08:28:32,ERROR,NullPointerException in auth module (Code: 500)
2026-01-12 10:10:57,ERROR,Database connection timeout (Code: 504)
2026-01-12 10:47:27,WARNING,High memory usage detected (85%)
2026-01-12 10:13:50,WARNING,High memory usage detected (85%)
2026-01-12 09:06:57,ERROR,NullPointerException in auth module (Code: 500)
2026-01-12 09:18:15,CRITICAL,Server crash imminent! Shutting down.
2026-01-12 11:11:31,WARNING,High memory usage detected (85%)
2026-01-12 10:30:04,WARNING,High memory usage detected (85%)
2026-01-12 10:44:35,INFO,User logged in successfully
2026-01-12 10:35:18,CRITICAL,Server crash imminent! Shutting down.
2026-01-12 10:22:07,ERROR,NullPointerException in auth module (Code: 500)
2026-01-12 09:59:42,WARNING,High memory usage detected (85%)
2026-01-12 10:49:28,ERROR,NullPointerException in auth module (Code: 500)
2026-01-12 09:20:47,INFO,User logged in successfully
2026-01-12 10:55:02,INFO,User logged in successfully
2026-01-12 09:40:03,CRITICAL,Server crash imminent! Shutting down.
2026-01-12 10:56:11,CRITICAL,Server crash imminent! Shutting down.
2026-01-12 10:42:44,CRITICAL,Server crash imminent! Shutting down.
2026-01-12 08:39:29,ERROR,NullPointerException in auth module (Code: 500)
2026-01-12 10:50:14,CRITICAL,Server crash imminent! Shutting down.
2026-01-12 08:54:50,WARNING,High memory usage detected (85%)
2026-01-12 09:35:02,ERROR,Database connection timeout (Code: 504)
2026-01-12 11:09:34,INFO,User logged in successfully
2026-01-12 08:50:58,WARNING,High memory usage detected (85%)
2026-01-12 08:44:42,WARNING,High memory usage detected (85%)
2026-01-12 10:57:07,ERROR,NullPointerException in auth module (Code: 500)
2026-01-12 09:25:55,WARNING,High memory usage detected (85%)
2026-01-12 10:35:51,CRITICAL,Server crash imminent! Shutting down.
2026-01-12 10:13:37,CRITICAL,Server crash imminent! Shutting down.
2026-01-12 08:29:05,WARNING,High memory usage detected (85%)
2026-01-12 10:51:25,INFO,Data sync completed
2026-01-12 10:53:34,INFO,User logged in successfully
2026-01-12 08:31:48,INFO,User logged in successfully
2026-01-12 10:59:35,CRITICAL,Server crash imminent! Shutting down.
2026-01-12 10:54:08,INFO,User logged in successfully
2026-01-12 08:49:04,ERROR,Database connection timeout (Code: 504)
2026-01-12 10:01:08,CRITICAL,Server crash imminent! Shutting down.
2026-01-12 09:42:37,CRITICAL,Server crash imminent! Shutting down.
2026-01-12 10:51:23,ERROR,Database connection timeout (Code: 504)
2026-01-12 10:41:34,ERROR,NullPointerException in auth module (Code: 500)
2026-01-12 08:50:51,INFO,Data sync completed
2026-01-12 08:44:35,ERROR,Database connection timeout (Code: 504)
2026-01-12 10:37:32,ERROR,NullPointerException in auth module (Code: 500)
2026-01-12 09:45:28,CRITICAL,Server crash imminent! Shutting down.
2026-01-12 10:08:14,ERROR,NullPointerException in auth module (Code: 500)
